{
  "hash": "c7634706",
  "configHash": "1becae97",
  "lockfileHash": "2b9adf3a",
  "browserHash": "24d0bdc8",
  "optimized": {
    "@angular/common": {
      "src": "../../../../../node_modules/@angular/common/fesm2022/common.mjs",
      "file": "@angular_common.js",
      "fileHash": "7971ee4c",
      "needsInterop": false
    },
    "@angular/core": {
      "src": "../../../../../node_modules/@angular/core/fesm2022/core.mjs",
      "file": "@angular_core.js",
      "fileHash": "36c5e05e",
      "needsInterop": false
    },
    "@angular/forms": {
      "src": "../../../../../node_modules/@angular/forms/fesm2022/forms.mjs",
      "file": "@angular_forms.js",
      "fileHash": "a2a328a9",
      "needsInterop": false
    },
    "@angular/platform-browser": {
      "src": "../../../../../node_modules/@angular/platform-browser/fesm2022/platform-browser.mjs",
      "file": "@angular_platform-browser.js",
      "fileHash": "4a6468e6",
      "needsInterop": false
    },
    "@angular/router": {
      "src": "../../../../../node_modules/@angular/router/fesm2022/router.mjs",
      "file": "@angular_router.js",
      "fileHash": "bafefe58",
      "needsInterop": false
    }
  },
  "chunks": {
    "chunk-2ZJC6V2N": {
      "file": "chunk-2ZJC6V2N.js"
    },
    "chunk-PDAGKNML": {
      "file": "chunk-PDAGKNML.js"
    },
    "chunk-ZM642NCP": {
      "file": "chunk-ZM642NCP.js"
    }
  }
}